task,obs_mode,axis,force_N,n_seeds,n_stabilised,n_survived_window,n_analysable,n_trials,ankle_share_sensor_mean,ankle_share_sensor_sd,ankle_share_drive_mean,ankle_share_drive_sd
IK,full,pitch,0.0,3,27,27,27,30,0.2668,0.0242,0.2969,0.0309
IK,full,pitch,1.0,3,26,26,26,30,0.2684,0.0256,0.2988,0.0255
IK,full,pitch,3.0,3,25,25,25,30,0.2735,0.0199,0.3013,0.0244
IK,full,pitch,5.0,1,27,10,10,30,,,,
IK,full,roll,0.0,3,26,26,26,30,0.0509,0.002,0.3001,0.0492
IK,full,roll,1.0,3,28,28,28,30,0.051,0.0025,0.3043,0.0352
IK,full,roll,3.0,2,26,16,16,30,0.0476,0.0016,0.3067,0.0076
IK,full,roll,5.0,0,26,0,0,30,,,,
IK,restricted,pitch,0.0,3,25,25,25,30,0.2649,0.0188,0.2603,0.0396
IK,restricted,pitch,1.0,3,27,27,27,30,0.2557,0.0161,0.2782,0.0314
IK,restricted,pitch,3.0,3,28,27,27,30,0.2595,0.0102,0.2782,0.0255
IK,restricted,pitch,5.0,3,25,22,22,30,0.2604,0.0044,0.302,0.0135
IK,restricted,roll,0.0,3,26,26,26,30,0.047,0.0046,0.3566,0.0204
IK,restricted,roll,1.0,3,26,26,26,30,0.0483,0.0047,0.3636,0.0181
IK,restricted,roll,3.0,3,24,22,22,30,0.0464,0.0039,0.3652,0.019
IK,restricted,roll,5.0,1,26,5,5,30,,,,
Joint,full,pitch,0.0,3,30,30,30,30,0.3688,0.081,0.5437,0.0346
Joint,full,pitch,1.0,3,30,30,30,30,0.3643,0.0879,0.5459,0.0341
Joint,full,pitch,3.0,3,30,30,30,30,0.3734,0.068,0.5399,0.0349
Joint,full,pitch,5.0,3,30,30,30,30,0.3783,0.0619,0.537,0.0353
Joint,full,roll,0.0,3,30,30,30,30,0.0632,0.006,0.6206,0.0261
Joint,full,roll,1.0,3,30,30,30,30,0.0636,0.0065,0.6187,0.0188
Joint,full,roll,3.0,3,30,30,30,30,0.0617,0.0094,0.6117,0.0121
Joint,full,roll,5.0,3,30,25,25,30,0.0644,0.0117,0.6048,0.0041
Joint,restricted,pitch,0.0,3,30,30,30,30,0.2051,0.0037,0.2096,0.0309
Joint,restricted,pitch,1.0,3,29,29,29,30,0.204,0.0043,0.2027,0.0332
Joint,restricted,pitch,3.0,3,29,29,29,30,0.2122,0.0053,0.2181,0.0238
Joint,restricted,pitch,5.0,3,30,15,15,30,0.2256,0.0154,0.2328,0.0417
Joint,restricted,roll,0.0,3,28,28,28,30,0.0459,0.0029,0.1869,0.0092
Joint,restricted,roll,1.0,3,30,30,30,30,0.0466,0.0032,0.1915,0.007
Joint,restricted,roll,3.0,3,30,27,27,30,0.0467,0.0034,0.2193,0.0189
Joint,restricted,roll,5.0,3,30,10,10,30,0.0478,0.0006,0.2721,0.0509
PID,full,pitch,0.0,3,26,26,26,30,0.1881,0.0406,0.1603,0.0319
PID,full,pitch,1.0,3,20,19,19,30,0.1823,0.045,0.1604,0.0261
PID,full,pitch,3.0,3,24,19,19,30,0.2038,0.0248,0.1867,0.0374
PID,full,pitch,5.0,0,22,0,0,30,,,,
PID,full,roll,0.0,3,19,19,19,30,0.0378,0.0037,0.4838,0.0576
PID,full,roll,1.0,3,23,23,23,30,0.0403,0.0029,0.4697,0.0283
PID,full,roll,3.0,1,26,7,7,30,,,,
PID,full,roll,5.0,0,22,0,0,30,,,,
PID,restricted,pitch,0.0,1,6,6,6,30,,,,
PID,restricted,pitch,1.0,1,9,9,9,30,,,,
PID,restricted,pitch,3.0,1,5,1,1,30,,,,
PID,restricted,pitch,5.0,0,7,0,0,30,,,,
PID,restricted,roll,0.0,1,8,7,7,30,,,,
PID,restricted,roll,1.0,1,3,3,3,30,,,,
PID,restricted,roll,3.0,1,8,7,7,30,,,,
PID,restricted,roll,5.0,0,5,0,0,30,,,,
