task,obs_mode,controller,setting,n_seeds,n_episodes,success_10s_mean,success_10s_std,success_60s_mean,success_60s_std,survived_s_mean,survived_s_std,body_roll_rms_mean,body_pitch_rms_mean,board_roll_rms_mean,board_pitch_rms_mean,board_edge_contact_ratio_mean,dominant_failure
BalanceBoardIK,full,policy,N0,3,270,0.7296,0.4492,0.3481,0.2868,36.459,20.2114,0.0359,0.0619,0.0428,0.0351,0.0,foot_displacement
BalanceBoardIK,full,policy,N0_L1,3,270,0.0481,0.0834,0.0111,0.0192,2.7337,3.2304,0.0338,0.0787,0.0376,0.0453,0.0014,imu_angle
BalanceBoardIK,full,policy,N0_L2,3,270,0.0,0.0,0.0,0.0,0.5817,0.107,0.0415,0.0807,0.0445,0.0571,0.0003,imu_angle
BalanceBoardIK,full,policy,N0_L3,3,270,0.0,0.0,0.0,0.0,0.4291,0.1094,0.0442,0.0815,0.045,0.0658,0.0022,imu_angle
BalanceBoardIK,full,policy,N1,3,270,0.7111,0.4168,0.3519,0.2754,35.6799,18.3496,0.0347,0.0612,0.0409,0.0355,0.0,foot_displacement
BalanceBoardIK,full,policy,N2,3,270,0.5926,0.4375,0.1889,0.2795,26.0697,19.2618,0.0303,0.0646,0.0375,0.0371,0.0,foot_displacement
BalanceBoardIK,full,policy,N2_L1,3,270,0.0185,0.0321,0.0,0.0,1.2706,0.811,0.0346,0.0801,0.0373,0.0472,0.0009,imu_angle
BalanceBoardIK,full,policy,N2_L2,3,270,0.0,0.0,0.0,0.0,0.547,0.101,0.041,0.0788,0.0453,0.0596,0.0021,imu_angle
BalanceBoardIK,full,policy,N2_L3,3,270,0.0,0.0,0.0,0.0,0.4295,0.1136,0.0442,0.0814,0.0466,0.0661,0.0018,imu_angle
BalanceBoardIK,full,policy,N3,3,270,0.0222,0.0192,0.0,0.0,1.7293,0.8979,0.0306,0.0803,0.0358,0.0484,0.0005,imu_angle
BalanceBoardIK,full,policy,N4,3,270,0.0,0.0,0.0,0.0,0.4891,0.1063,0.0322,0.0778,0.0436,0.0642,0.0022,foot_displacement
BalanceBoardIK,restricted,policy,N0,3,270,0.8222,0.1937,0.8222,0.1937,49.407,11.6217,0.0205,0.0941,0.0241,0.034,0.0001,timeout
BalanceBoardIK,restricted,policy,N0_L1,3,270,0.0185,0.0321,0.0037,0.0064,1.5029,1.6457,0.0434,0.0778,0.0543,0.0556,0.0081,foot_displacement
BalanceBoardIK,restricted,policy,N0_L2,3,270,0.0,0.0,0.0,0.0,0.3594,0.1805,0.0506,0.0764,0.0614,0.0659,0.0075,foot_displacement
BalanceBoardIK,restricted,policy,N0_L3,3,270,0.0,0.0,0.0,0.0,0.2641,0.1028,0.0661,0.0765,0.0717,0.0646,0.0148,foot_displacement
BalanceBoardIK,restricted,policy,N1,3,270,0.0074,0.0128,0.0,0.0,1.8375,1.0958,0.0371,0.0841,0.0457,0.0485,0.0042,foot_displacement
BalanceBoardIK,restricted,policy,N2,3,270,0.0,0.0,0.0,0.0,0.7682,0.2955,0.0443,0.0754,0.0535,0.0556,0.0045,foot_displacement
BalanceBoardIK,restricted,policy,N2_L1,3,270,0.0,0.0,0.0,0.0,0.5734,0.2363,0.045,0.0716,0.0601,0.06,0.0125,foot_displacement
BalanceBoardIK,restricted,policy,N2_L2,3,270,0.0,0.0,0.0,0.0,0.3974,0.1621,0.0501,0.0747,0.0644,0.0624,0.011,foot_displacement
BalanceBoardIK,restricted,policy,N2_L3,3,270,0.0,0.0,0.0,0.0,0.2821,0.1436,0.061,0.0783,0.0681,0.0626,0.0072,foot_displacement
BalanceBoardIK,restricted,policy,N3,3,270,0.0,0.0,0.0,0.0,0.4859,0.2081,0.0498,0.0654,0.0645,0.0697,0.0066,foot_displacement
BalanceBoardIK,restricted,policy,N4,3,270,0.0,0.0,0.0,0.0,0.2891,0.1071,0.0524,0.0634,0.0711,0.0818,0.0201,foot_displacement
BalanceBoardJoint,full,policy,N0,3,270,0.9926,0.0128,0.3444,0.1281,48.3356,10.5104,0.0229,0.028,0.0312,0.0264,0.0003,foot_displacement
BalanceBoardJoint,full,policy,N0_L1,3,270,0.0,0.0,0.0,0.0,0.198,0.0821,0.0285,0.0534,0.0414,0.0663,0.0,foot_displacement
BalanceBoardJoint,full,policy,N0_L2,3,270,0.0,0.0,0.0,0.0,0.0954,0.0404,0.046,0.0659,0.0578,0.1011,0.0018,foot_displacement
BalanceBoardJoint,full,policy,N0_L3,3,270,0.0,0.0,0.0,0.0,0.0761,0.0272,0.0598,0.0758,0.0635,0.1193,0.0625,foot_displacement
BalanceBoardJoint,full,policy,N1,3,270,0.9963,0.0064,0.5963,0.028,55.7897,2.3047,0.0223,0.0258,0.03,0.0235,0.0,timeout
BalanceBoardJoint,full,policy,N2,3,270,0.9667,0.0333,0.7148,0.0945,54.9088,2.5226,0.0201,0.0246,0.0286,0.0235,0.0,timeout
BalanceBoardJoint,full,policy,N2_L1,3,270,0.0,0.0,0.0,0.0,0.1988,0.0805,0.0275,0.0548,0.0395,0.0672,0.0,foot_displacement
BalanceBoardJoint,full,policy,N2_L2,3,270,0.0,0.0,0.0,0.0,0.1014,0.0445,0.0446,0.0648,0.0554,0.0992,0.0021,foot_displacement
BalanceBoardJoint,full,policy,N2_L3,3,270,0.0,0.0,0.0,0.0,0.0812,0.0233,0.0579,0.0748,0.0615,0.1159,0.0601,foot_displacement
BalanceBoardJoint,full,policy,N3,3,270,0.163,0.0891,0.0259,0.0449,7.704,4.0535,0.0211,0.0345,0.0282,0.0279,0.0003,foot_displacement
BalanceBoardJoint,full,policy,N4,3,270,0.0,0.0,0.0,0.0,0.5804,0.1945,0.0273,0.0486,0.029,0.0513,0.0011,foot_displacement
BalanceBoardJoint,restricted,policy,N0,3,270,0.9259,0.0339,0.6185,0.1782,47.2964,3.9435,0.0234,0.0807,0.0212,0.0176,0.0,timeout
BalanceBoardJoint,restricted,policy,N0_L1,3,270,0.0,0.0,0.0,0.0,1.3089,0.3013,0.0266,0.0885,0.0238,0.039,0.0002,imu_angle
BalanceBoardJoint,restricted,policy,N0_L2,3,270,0.0,0.0,0.0,0.0,0.7681,0.092,0.0278,0.0937,0.0227,0.0403,0.0004,imu_angle
BalanceBoardJoint,restricted,policy,N0_L3,3,270,0.0,0.0,0.0,0.0,0.6059,0.0897,0.0284,0.0963,0.022,0.041,0.0,imu_angle
BalanceBoardJoint,restricted,policy,N1,3,270,0.1037,0.0788,0.0,0.0,4.6442,0.9471,0.029,0.0855,0.0278,0.0353,0.0005,imu_angle
BalanceBoardJoint,restricted,policy,N2,3,270,0.0,0.0,0.0,0.0,1.2451,0.11,0.0353,0.0806,0.0351,0.0461,0.0006,foot_displacement
BalanceBoardJoint,restricted,policy,N2_L1,3,270,0.0,0.0,0.0,0.0,0.8492,0.0991,0.0303,0.0797,0.0302,0.0483,0.0005,foot_displacement
BalanceBoardJoint,restricted,policy,N2_L2,3,270,0.0,0.0,0.0,0.0,0.6781,0.067,0.0284,0.081,0.0266,0.0489,0.0012,imu_angle
BalanceBoardJoint,restricted,policy,N2_L3,3,270,0.0,0.0,0.0,0.0,0.5934,0.0363,0.0276,0.0813,0.0261,0.0509,0.0006,imu_angle
BalanceBoardJoint,restricted,policy,N3,3,270,0.0,0.0,0.0,0.0,0.6779,0.1382,0.0346,0.0675,0.037,0.055,0.0008,foot_displacement
BalanceBoardJoint,restricted,policy,N4,3,270,0.0,0.0,0.0,0.0,0.3319,0.0428,0.0338,0.0559,0.0379,0.0598,0.0034,foot_displacement
BalanceBoardPID,full,pd_baseline,N0,1,90,0.0,0.0,0.0,0.0,0.71,0.0,0.0254,0.0885,0.0492,0.0635,0.0,foot_displacement
BalanceBoardPID,full,pd_baseline,N0_L1,1,90,0.0,0.0,0.0,0.0,0.721,0.0,0.0261,0.0869,0.0496,0.0625,0.0,foot_displacement
BalanceBoardPID,full,pd_baseline,N0_L2,1,90,0.0,0.0,0.0,0.0,0.7313,0.0,0.0268,0.0853,0.0499,0.0615,0.0,foot_displacement
BalanceBoardPID,full,pd_baseline,N0_L3,1,90,0.0,0.0,0.0,0.0,0.7423,0.0,0.0275,0.0838,0.0503,0.0606,0.0,foot_displacement
BalanceBoardPID,full,pd_baseline,N1,1,90,0.0,0.0,0.0,0.0,0.7112,0.0,0.0254,0.0883,0.0488,0.0637,0.0,foot_displacement
BalanceBoardPID,full,pd_baseline,N2,1,90,0.0,0.0,0.0,0.0,0.7117,0.0,0.0255,0.0882,0.0483,0.064,0.0,foot_displacement
BalanceBoardPID,full,pd_baseline,N2_L1,1,90,0.0,0.0,0.0,0.0,0.7228,0.0,0.0262,0.0868,0.0491,0.0631,0.0,foot_displacement
BalanceBoardPID,full,pd_baseline,N2_L2,1,90,0.0,0.0,0.0,0.0,0.7332,0.0,0.0271,0.0855,0.0505,0.0619,0.0,foot_displacement
BalanceBoardPID,full,pd_baseline,N2_L3,1,90,0.0,0.0,0.0,0.0,0.7426,0.0,0.0278,0.0839,0.0505,0.0612,0.0,foot_displacement
BalanceBoardPID,full,pd_baseline,N3,1,90,0.0,0.0,0.0,0.0,0.6768,0.0,0.0245,0.0892,0.0506,0.0613,0.0,foot_displacement
BalanceBoardPID,full,pd_baseline,N4,1,90,0.0,0.0,0.0,0.0,0.5597,0.0,0.0207,0.0899,0.0465,0.0554,0.0,foot_displacement
BalanceBoardPID,full,policy,N0,3,270,0.7815,0.0841,0.7778,0.0882,47.1401,5.0012,0.0372,0.1141,0.0613,0.0338,0.0003,timeout
BalanceBoardPID,full,policy,N0_L1,3,270,0.0481,0.0548,0.0037,0.0064,2.5367,1.4051,0.0341,0.1068,0.0851,0.0466,0.0008,foot_displacement
BalanceBoardPID,full,policy,N0_L2,3,270,0.0,0.0,0.0,0.0,0.8267,0.1333,0.029,0.0988,0.0727,0.0538,0.0016,foot_displacement
BalanceBoardPID,full,policy,N0_L3,3,270,0.0,0.0,0.0,0.0,0.7298,0.0856,0.0268,0.0972,0.0657,0.0555,0.0006,foot_displacement
BalanceBoardPID,full,policy,N1,3,270,0.0259,0.017,0.0,0.0,2.5258,0.5699,0.035,0.111,0.0742,0.0458,0.002,foot_displacement
BalanceBoardPID,full,policy,N2,3,270,0.0,0.0,0.0,0.0,0.6653,0.1785,0.0316,0.1019,0.0774,0.0479,0.0034,foot_displacement
BalanceBoardPID,full,policy,N2_L1,3,270,0.0,0.0,0.0,0.0,0.6028,0.1812,0.0263,0.0976,0.0701,0.0472,0.0021,foot_displacement
BalanceBoardPID,full,policy,N2_L2,3,270,0.0,0.0,0.0,0.0,0.5922,0.1746,0.0261,0.0963,0.0696,0.0512,0.0037,foot_displacement
BalanceBoardPID,full,policy,N2_L3,3,270,0.0,0.0,0.0,0.0,0.5891,0.1816,0.0239,0.095,0.0636,0.0532,0.0034,foot_displacement
BalanceBoardPID,full,policy,N3,3,270,0.0,0.0,0.0,0.0,0.3868,0.1911,0.0328,0.0893,0.088,0.0498,0.0184,foot_displacement
BalanceBoardPID,full,policy,N4,3,270,0.0,0.0,0.0,0.0,0.2344,0.1234,0.0452,0.0748,0.1066,0.0506,0.0612,foot_displacement
BalanceBoardPID,restricted,pd_baseline,N0,1,90,0.0,0.0,0.0,0.0,0.71,0.0,0.0254,0.0885,0.0492,0.0635,0.0,foot_displacement
BalanceBoardPID,restricted,pd_baseline,N0_L1,1,90,0.0,0.0,0.0,0.0,0.721,0.0,0.0261,0.0869,0.0496,0.0625,0.0,foot_displacement
BalanceBoardPID,restricted,pd_baseline,N0_L2,1,90,0.0,0.0,0.0,0.0,0.7313,0.0,0.0268,0.0853,0.0499,0.0615,0.0,foot_displacement
BalanceBoardPID,restricted,pd_baseline,N0_L3,1,90,0.0,0.0,0.0,0.0,0.7423,0.0,0.0275,0.0838,0.0503,0.0606,0.0,foot_displacement
BalanceBoardPID,restricted,pd_baseline,N1,1,90,0.0,0.0,0.0,0.0,0.7116,0.0,0.0253,0.0886,0.0489,0.064,0.0,foot_displacement
BalanceBoardPID,restricted,pd_baseline,N2,1,90,0.0,0.0,0.0,0.0,0.7123,0.0,0.0254,0.0892,0.0494,0.0644,0.0,foot_displacement
BalanceBoardPID,restricted,pd_baseline,N2_L1,1,90,0.0,0.0,0.0,0.0,0.723,0.0,0.0259,0.0864,0.0496,0.063,0.0,foot_displacement
BalanceBoardPID,restricted,pd_baseline,N2_L2,1,90,0.0,0.0,0.0,0.0,0.7337,0.0,0.0271,0.0848,0.0496,0.0618,0.0,foot_displacement
BalanceBoardPID,restricted,pd_baseline,N2_L3,1,90,0.0,0.0,0.0,0.0,0.7434,0.0,0.0276,0.0841,0.0501,0.0611,0.0,foot_displacement
BalanceBoardPID,restricted,pd_baseline,N3,1,90,0.0,0.0,0.0,0.0,0.6452,0.0,0.0242,0.0901,0.0473,0.0593,0.0,foot_displacement
BalanceBoardPID,restricted,pd_baseline,N4,1,90,0.0,0.0,0.0,0.0,0.54,0.0,0.0219,0.0928,0.0489,0.0515,0.0,foot_displacement
BalanceBoardPID,restricted,policy,N0,3,270,0.0889,0.154,0.0,0.0,2.7733,3.1938,0.0599,0.0783,0.0748,0.1111,0.0115,imu_angle
BalanceBoardPID,restricted,policy,N0_L1,3,270,0.0,0.0,0.0,0.0,0.417,0.2516,0.0203,0.0795,0.0488,0.1015,0.0043,foot_displacement
BalanceBoardPID,restricted,policy,N0_L2,3,270,0.0,0.0,0.0,0.0,0.3413,0.2195,0.0169,0.0727,0.0323,0.1077,0.0001,foot_displacement
BalanceBoardPID,restricted,policy,N0_L3,3,270,0.0,0.0,0.0,0.0,0.4671,0.3736,0.0258,0.0714,0.0322,0.1094,0.0001,foot_displacement
BalanceBoardPID,restricted,policy,N1,3,270,0.0,0.0,0.0,0.0,0.7699,0.2312,0.0463,0.0804,0.0657,0.1036,0.0071,imu_angle
BalanceBoardPID,restricted,policy,N2,3,270,0.0,0.0,0.0,0.0,0.511,0.1142,0.0401,0.0815,0.0606,0.096,0.007,imu_angle
BalanceBoardPID,restricted,policy,N2_L1,3,270,0.0,0.0,0.0,0.0,0.414,0.0868,0.0314,0.0798,0.045,0.0929,0.0047,imu_angle
BalanceBoardPID,restricted,policy,N2_L2,3,270,0.0,0.0,0.0,0.0,0.4373,0.1389,0.0311,0.0806,0.0455,0.0969,0.005,foot_displacement
BalanceBoardPID,restricted,policy,N2_L3,3,270,0.0,0.0,0.0,0.0,0.4588,0.1235,0.0288,0.0775,0.0405,0.0991,0.0053,foot_displacement
BalanceBoardPID,restricted,policy,N3,3,270,0.0,0.0,0.0,0.0,0.3188,0.0936,0.0309,0.0887,0.0478,0.0893,0.0067,imu_angle
BalanceBoardPID,restricted,policy,N4,3,270,0.0,0.0,0.0,0.0,0.1636,0.0418,0.0184,0.0958,0.0299,0.0923,0.0125,imu_angle
